merk,veld,besluit,reden,staat,bron
Max Jungblut,phone,wordt vervangen,bronsterkte 1 tegen 9,+31610912489,+31643044906
Max Jungblut,address_line_1,wordt vervangen,bronsterkte 1 tegen 9,Punterweg 21,Hemmerbuurt 175
Max Jungblut,postcode,wordt vervangen,bronsterkte 1 tegen 9,6222 NW,1607 CG
Max Jungblut,city,wordt vervangen,bronsterkte 1 tegen 9,Maastricht,Hem
Arctic Biomaterials Oy,phone,wordt vervangen,bronsterkte 1 tegen 9,+358469229900,+358507400931
Alphenberg Leather,address_line_1,wordt vervangen,bronsterkte 1 tegen 9,Tielenstraat 7,Postbus 198
Alphenberg Leather,postcode,wordt vervangen,bronsterkte 1 tegen 9,5145 RC,5140 AD
Alumet,address_line_1,wordt vervangen,bronsterkte 1 tegen 9,Nieuwe Donk 7,Postbus 62
Alumet,postcode,wordt vervangen,bronsterkte 1 tegen 9,4879 AC,4870 AB
Amorim Wicanders,website,wordt vervangen,bronsterkte 1 tegen 9,wicanders.nl,wicanders.com
Amtico,website,wordt vervangen,bronsterkte 1 tegen 9,amtico.com,amtico.de
Amtico,postcode,wordt vervangen,bronsterkte 1 tegen 9,41468,D-41468
ArcelorMittal Construction Nederland,website,NIET vervangen,brondatum 2019-03-12 tegen 2022-03-17,arcelormittaltiel.com,arcelormittaltiel.nl
ArcelorMittal Construction Nederland,email,NIET vervangen,brondatum 2019-03-12 tegen 2022-03-17,info@arcelormittal.com,info.amcn@arcelormittal.com
ArcelorMittal Construction Nederland,phone,NIET vervangen,brondatum 2019-03-12 tegen 2026-02-20,+31344636939,+31344631746
ArcelorMittal Construction Nederland,address_line_1,NIET vervangen,bronwaarde is korter en zit in de bestaande waarde,"Biezenwei 2 Industrieterrein, Medel",Biezenwei 2
ArcelorMittal Construction Nederland,postcode,wordt vervangen,bronsterkte 1 tegen 9,4004 MB,4000 HB
Arpa,phone,NIET vervangen,brondatum 2019-03-12 tegen 2024-03-06,+31102857315,+31625260906
Baars & Bloemhoff,email,NIET vervangen,brondatum 2019-03-12 tegen 2022-03-17,sales@baars-bloemhoff.nl,info@baars-bloemhoff.nl
Baars & Bloemhoff,phone,NIET vervangen,brondatum 2019-03-12 tegen 2022-03-17,+31881028080,+31302882134
Baars & Bloemhoff,address_line_1,NIET vervangen,brondatum 2019-03-12 tegen 2022-03-17,"Schaverijstraat, 9E",Laagraven 44
Barc Flooring,postcode,wordt vervangen,bronsterkte 1 tegen 9,1019 XG,1091 XG
Bruynzeel Multipanel,phone,wordt vervangen,bronsterkte 1 tegen 9,+31756554200,+317556554200
Bruynzeel Multipanel,address_line_1,wordt vervangen,bronsterkte 1 tegen 9,Westzijde 414,Postbus 59
Bruynzeel Multipanel,postcode,wordt vervangen,bronsterkte 1 tegen 9,1506 GM,1500 EB
Ceramiche Refin,address_line_1,wordt vervangen,bronsterkte 1 tegen 9,"Via I Maggio 22, Salvaterra",Via I Maggio n.22
Ceramiche Refin,city,wordt vervangen,bronsterkte 1 tegen 9,Casalgrande,Casalgrande (RE)
Cerriva,website,NIET vervangen,brondatum 2019-03-12 tegen 2025-02-26,cerriva.com,cerriva.nl
DecoLegno,address_line_1,NIET vervangen,brondatum 2019-03-12 tegen 2022-03-17,Industrieweg 13A,Parklaan 35-37
DecoLegno,postcode,NIET vervangen,brondatum 2019-03-12 tegen 2022-03-17,1521 NC,1544 AK
DecoLegno,city,NIET vervangen,brondatum 2019-03-12 tegen 2022-03-17,Wormerveer,Zaandijk
Easy Noise Control,website,wordt vervangen,bronsterkte 1 tegen 9,easy-noisecontrol.com,easy-noisecontrol.nl
ENCI,phone,wordt vervangen,bronsterkte 1 tegen 9,+31736401170,+31621163118
EPI,email,wordt vervangen,bronsterkte 1 tegen 9,info@epigroup.nl,info@designyourlife.nl
EPI,phone,wordt vervangen,bronsterkte 1 tegen 9,+31302933664,+31850475152
EPI,address_line_1,wordt vervangen,bronsterkte 1 tegen 9,Duikboot 1,Duikboot 1-7
Eutit,phone,wordt vervangen,bronsterkte 1 tegen 9,+31 622 385 515,+42354789141
Eutit,address_line_1,wordt vervangen,bronsterkte 1 tegen 9,Stará Voda 196,č.p. 196
Eutit,city,wordt vervangen,bronsterkte 1 tegen 9,Mariánské Lázně,Stará Voda
Fetim Group,address_line_1,wordt vervangen,bronsterkte 1 tegen 9,Kopraweg 1,Postbus 770
Fetim Group,postcode,wordt vervangen,bronsterkte 1 tegen 9,1047 BP,1000 AT
Finsa,address_line_1,wordt vervangen,bronsterkte 1 tegen 9,Westerhavenweg 12,Postbus 179
Finsa,postcode,wordt vervangen,bronsterkte 1 tegen 9,4382 NM,4380 AD
Forbo Eurocol,address_line_1,wordt vervangen,bronsterkte 1 tegen 9,Industrieweg 1-2,Postbus 130
Forbo Eurocol,postcode,wordt vervangen,bronsterkte 1 tegen 9,1521 NA,1520 AC
Foreco,address_line_1,wordt vervangen,bronsterkte 1 tegen 9,Damholterweg 5,Postbus 73
Foreco,postcode,wordt vervangen,bronsterkte 1 tegen 9,7722 KJ,7720 AB
Frans Gommans BV,address_line_1,wordt vervangen,bronsterkte 1 tegen 9,Vasco da Gamaweg 10,Vasco de Gamaweg 10
Holonite,address_line_1,wordt vervangen,bronsterkte 1 tegen 9,Ambachtsweg 9,Postbus 39
Holonite,postcode,wordt vervangen,bronsterkte 1 tegen 9,4691 SB,4690 AA
Hunter Douglas Architectural Nederland,address_line_1,wordt vervangen,bronsterkte 1 tegen 9,Piekstraat 2,Postbus 5072
Hunter Douglas Architectural Nederland,postcode,wordt vervangen,bronsterkte 1 tegen 9,3071 EL,3008 AB
Inncempro,address_line_1,wordt vervangen,bronsterkte 1 tegen 9,Lansinkesweg 4,Postbus 960
Interface,postcode,NIET vervangen,brondatum 2019-03-12 tegen 2024-03-06,3925 BD,3925 ZG
Interface,city,NIET vervangen,brondatum 2019-03-12 tegen 2022-03-17,3925BDScherpenzeel,Scherpenzeel
IVC Commercial,email,wordt vervangen,bronsterkte 1 tegen 9,info@ivcgroup.com,info@ivc-commercial.com
RET Interieur,address_line_1,wordt vervangen,bronsterkte 1 tegen 9,Cartesiusweg 127a,Postbus 2206
RET Interieur,postcode,wordt vervangen,bronsterkte 1 tegen 9,3534 BC,1500 GE
RET Interieur,city,wordt vervangen,bronsterkte 1 tegen 9,Utrecht,Zaandam
Lintec Europe B.V.,phone,wordt vervangen,bronsterkte 1 tegen 9,+31206733566,+31206738718
Michel Oprey & Beisterveld Natuursteen,address_line_1,wordt vervangen,bronsterkte 1 tegen 9,Havenweg 18,Postbus 157
Michel Oprey & Beisterveld Natuursteen,postcode,wordt vervangen,bronsterkte 1 tegen 9,6101 AB,6100 AD
Margaret van Bekkum,phone,NIET vervangen,brondatum 2019-03-12 tegen 2022-03-17,+316041362948,+31641362948
Metadecor,address_line_1,wordt vervangen,bronsterkte 1 tegen 9,Spoorstraat 43,Eckertstraat 75
Metadecor,postcode,wordt vervangen,bronsterkte 1 tegen 9,8271 RG,8263 CB
Metadecor,city,wordt vervangen,bronsterkte 1 tegen 9,IJsselmuiden,Kampen
mFLOR,email,NIET vervangen,brondatum 2019-03-12 tegen 2022-03-17,contact@mflor.com,sales@mflor.com
mFLOR,phone,NIET vervangen,brondatum 2019-03-12 tegen 2022-03-17,+31571750600,+31570750600
Modulyss,phone,wordt vervangen,bronsterkte 1 tegen 9,+3152808080,+3252808080
Nophadrain,website,wordt vervangen,bronsterkte 1 tegen 9,nophadrain.nl,nophadrain.com
Nophadrain,email,wordt vervangen,bronsterkte 1 tegen 9,info@nophadrain.nl,info@nophadrain.com
Nophadrain,address_line_1,wordt vervangen,bronsterkte 1 tegen 9,Mercuriusstraat 10,Postbus 3016
Nophadrain,postcode,wordt vervangen,bronsterkte 1 tegen 9,6468 ER,6460 HA
Planq,address_line_1,wordt vervangen,bronsterkte 1 tegen 9,Parabool 28 Poly Products Stand E31 + F23 Bruningsstraat 10,Bruningsstraat 10
Porcelanosa Belgium,email,wordt vervangen,bronsterkte 1 tegen 9,info@porcelanosa.be,info@porcelanosa.nl
Porcelanosa Belgium,phone,wordt vervangen,bronsterkte 1 tegen 9,+32 (0)15 253 366,+31207372845
Porcelanosa Belgium,address_line_1,wordt vervangen,bronsterkte 1 tegen 9,Theofiel de Biestraat 8,Westerdoksdijk 681
Porcelanosa Belgium,postcode,wordt vervangen,bronsterkte 1 tegen 9,B-2220,1013 BX
Porcelanosa Belgium,city,wordt vervangen,bronsterkte 1 tegen 9,Heist op den Berg,Amsterdam
Porcelanosa Belgium,country,wordt vervangen,bronsterkte 1 tegen 9,BE,NL
PyraSied Xtreme Acrylic,website,NIET vervangen,brondatum 2019-03-12 tegen 2026-03-09,pyrasied.com,pyrasied.nl
PyraSied Xtreme Acrylic,phone,NIET vervangen,brondatum 2019-03-12 tegen 2026-03-09,+31587676100,+3158215061
Rodruza,address_line_1,NIET vervangen,brondatum 2019-03-12 tegen 2022-03-17,Sint Canisiussingel 20,Postbus 227
Rodruza,postcode,NIET vervangen,brondatum 2019-03-12 tegen 2022-03-17,6511 TJ,6500 AE
RTS Preidel,email,wordt vervangen,bronsterkte 1 tegen 9,sales@rts-preidel.nl,sales@rtspreidel.nl
Sileather,phone,wordt vervangen,bronsterkte 1 tegen 9,+862087233027,+33689829687
Soundless Acoustics International,phone,NIET vervangen,brondatum 2019-03-12 tegen 2024-03-06,+31203697050,+31206435850
Sto Isoned,postcode,wordt vervangen,bronsterkte 1 tegen 9,4004 LK,4004 LH
The Mosaic Factory,phone,wordt vervangen,bronsterkte 1 tegen 9,+317681170,+31885064064
The Mosaic Factory,address_line_1,wordt vervangen,bronsterkte 1 tegen 9,Industrieweg 20a,Canadabaan 7C
The Mosaic Factory,postcode,wordt vervangen,bronsterkte 1 tegen 9,6871 KA,5388 RT
The Mosaic Factory,city,wordt vervangen,bronsterkte 1 tegen 9,Renkum,Nistelrode
Van Heek Textiles BV,address_line_1,wordt vervangen,bronsterkte 1 tegen 9,Gronausestraat 309,Postbus 1
Van Heek Textiles BV,postcode,wordt vervangen,bronsterkte 1 tegen 9,7581CV,7580 AA
Verometal,website,NIET vervangen,brondatum 2019-03-12 tegen 2024-03-06,verometal.nl,verometal.com
Verometal,phone,NIET vervangen,brondatum 2019-03-12 tegen 2022-03-17,+31455313080,+31455330951
Verometal,address_line_1,wordt vervangen,bronsterkte 1 tegen 9,Windmolen 46,Buizerdweg 6a
Verometal,postcode,wordt vervangen,bronsterkte 1 tegen 9,6003 BK,6374 BS
Verometal,city,wordt vervangen,bronsterkte 1 tegen 9,Weert,Landgraaf
Vescom Nederland,address_line_1,wordt vervangen,bronsterkte 1 tegen 9,Sint Jozefstraat 20,Postbus 70
Vescom Nederland,postcode,wordt vervangen,bronsterkte 1 tegen 9,5753 AV,5750 AB
Vink Kunststoffen,address_line_1,NIET vervangen,brondatum 2019-03-12 tegen 2022-03-17,Bergvredestraat 7,Postbus 1
Vink Kunststoffen,postcode,NIET vervangen,brondatum 2019-03-12 tegen 2022-03-17,6942 GK,6940 AA
Wellsun,address_line_1,wordt vervangen,bronsterkte 1 tegen 9,Molengraaffsingel 12,Molengraaftsingel 12
YKK,phone,wordt vervangen,bronsterkte 1 tegen 9,+31515429723,+31515429729
